Product,Type,Content,Style,Movement,
1,Text,เวียงเจ็ดลินกับการท่องเที่ยวเชิงประวัติศาสตร์และวัฒนธรรม,Heading,None,
1,Text,เวียงเจ็ดลินถือเป็นรากประวัติศาสตร์ของเมืองเชียงใหม่ สัณฐานของเวียงเจ็ดลินที่เป็นเขตคันดินและคูน้ำก่อขึ้นเป็นวงกลม มีเส้นผ่าศูนย์กลาง 900 เมตร โดยมีตาน้ำผุดเป็นจุดกึ่งกลางของเวียง ซึ่งในปัจจุบันอยู่ในบริเวณสำนักงานปศุสัตว์จังหวัดเชียงใหม่,Paragraph,None,
1,Text,ความน่าสนใจของเวียงเจ็ดลินคือความมหัศจรรย์ของหลักฐานข้อมูลทางประวัติศาสตร์ของเวียงเจ็ดลินที่ถูกสร้างไว้ก่อนประวัติศาสตร์ของเมืองเชียงใหม่ซึ่งถือเป็นรากเหง้าแห่งประวัติศาสตร์ล้านนาอย่างแท้จริง แต่ยังไม่มีการนำอาประวัติศาสตร์และร่องรอยหลักฐานที่น่าสนใจของเวียงเจ็ดลินมาส่งเสริมให้เป็นพื้นที่ท่องเที่ยวอย่างจริงจัง ทั้งที่เวียงเจ็ดลินสามารถนำมาเป็นข้อมูลทางประวัติศาสตร์สำหรับเส้นทางการท่องเที่ยวที่สำคัญของเมืองเชียงใหม่ ก่อนที่พื้นที่ประวัติศาสตร์ที่สำคัญแห่งนี้จะถูกลืมเลือนไปตามกาลเวลาทั้งนี้เนื่องจากความมหัศจรรย์ของเวียงเจ็ดลินไม่ได้เป็นเพียงเวียงเก่าแก่ที่ถูกสร้างมาร่วมพันปีที่สามารถสืบเนื่องไปยังตำนานเมืองหริภุญชัย แต่ยังสะท้อนให้เห็นภูมิปัญหาที่ชาญฉลาดในการสร้างเวียงขึ้นมาโดยคำนึงถึงมิติทางทางรัฐศาสตร์ และการวางผังเมืองที่มีลักษณะเป็นวงกลมที่หาผังเมืองแบบนี้ได้ยากทั้งนี้เพื่อป้องกันน้ำหลากในฤดูฝน ที่อาจสร้างความเสียหายให้กับบ้านเรือนและพื้นที่การเกษตร อีกทั้งคันดินของคูน้ำที่ล้อมรอบเมืองยังสามารถเป็นที่กักเก็บน้ำไว้ใช้ในช่วงฤดูแล้ง,Paragraph,None,
1,Text,"เส้นทางท่องเที่ยวเวียงเจ็ดลินควรเริ่มต้นที่ตาน้ำหรือจุดที่มีน้ำผุดขึ้นมา ที่ถือเป็นจุดกึ่งกลางของเวียงเจ็ดลิน ที่ปัจจุบันตั้งอยู่ในบริเวณสำนักงานปศุสัตว์จังหวัดเชียงใหม่ รวมถึงทุ่งหญ้าเลี้ยงสัตว์ในเขตสำนักงานปศุสัตว์ที่เคยเป็นสุสานของชาวลัวะที่อาศัยอยู่ที่เวียงเจ็ดลิน ต่อจากนั้นจึงเป็นเส้นทางท่องเที่ยวเพื่อศึกษาพื้นที่ที่เคยเป็นที่ตั้งของเวียงเจ็ดลินในอดีตจากหลักฐานคันดินของคูน้ำที่ล้อมรอบเวียงเจ็ดลินที่มีสันฐานเป็นทรงกลม ซึ่งปัจจุบันยังปรากฏอยู่ในส่วนราชการต่างๆในบริเวณทิศตะวันออกของเชิงดอยสุเทพ เช่น ศูนย์ธรรมชาติวิทยาดอยสุเทพเฉลิมพระเกียรติฯ, มหาวิทยาลัยเชียงใหม่, มหาวิทยาลัยเทคโนโลยีราชมงคลล้านนา, ภาคพายัพเชียงใหม่, สวนสัตว์เชียงใหม่, องค์การส่งเสริมการโคนมภาคเหนือ (อสค.), โรงงานผลิตนมของโครงการโคนมไทย–เดนมาร์ก, สถานีตำรวจภูธรภูพิงคราชนิเวศน์, สวนรุกขชาติห้วยแก้ว, ศูนย์ราชการกรมปศุสัตว์จังหวัดเชียงใหม่, ศูนย์จำหน่ายผลิตภัณฑ์ศิลปาชีพ เป็นต้น",Paragraph,None,
1,Text,เส้นทางท่องเที่ยวเชิงประวัติศาสตร์และวัฒนธรรมเวียงเจ็ดลินนี้ จะเป็นเส้นทางท่องเที่ยวแห่งใหม่ที่สำคัญของเมืองเชียงใหม่ อีกทั้งจะเป็นประโยชน์ทั้งในเชิงประวัติศาสตร์และวัฒนธรรมสำหรับผู้ที่สนใจ นักเรียน นักศึกษาและนักท่องเที่ยวที่จะได้มีความรู้และประสบการณ์เกี่ยวกับเวียงเจ็ดลิน เมืองประวัติศาสตร์ที่มีอายุร่วมพันปี รวมถึงความมหัศจรรย์ของภูมิปัญญาของกลุ่มคนที่สร้างเวียงแห่งนี้ขึ้นมา,Paragraph,None,
1,Text,พื้นที่ทุนวัฒนธรรม เวียงเจ็ดลิน,Heading,None,
1,Text,การดำเนินการโครงการภายใต้แหล่งทุนวัฒนธรรม เวียงเจ็ดลิน ประกอบไปด้วย 2 กิจกรรมคือ กิจกรรมถาวร (การท่องเที่ยวเชิงนิเวศเชิงประวัติศาสตร์ แหล่งพักผ่อนและแหล่งการเรียนรู้ พื้นที่สาธารณะ พื้นที่ออกกำลังกาย เทรลเดิน วิ่งและปั่นจักรยาน และพื้นที่สร้างสรรค์และทำกิจกรรม) และ กิจกรรมหมุนเวียน (นิทรรศการหมุนเวียน งานแสดงศิลปะ การจัดอีเวนท์ Workshop และ การแสดงดนตรีร่วมสมัย),Paragraph,None,
1,Text,ในส่วนของการระบุวิเคราะห์ผู้มีส่วนเกี่ยวข้อง (Stakeholder) ประกอบไปด้วย,Paragraph,None,
1,Text,"กลุ่มผู้ดำเนินงานหลัก ได้แก่ ทีมวิจัยของมหาวิทยาลัยเชียงใหม่,กลุ่มผู้ที่ได้รับประโยชน์ ได้แก่ นักท่องเที่ยว ชาวบ้านหรือประชาชนในพื้นที่ ครูหรือนักเรียน และ หน่วยงานที่เกี่ยวข้องในพื้นที่",List(bullet),None,"หมายเหตุ: แต่ละรายการข้อมูล คั่นด้วย เครื่องหมาย (,)"
1,Text,ซึ่งแต่ละกลุ่มผู้มีส่วนเกี่ยวข้องจะเกิดผลลัพธ์จากการดำเนินการโครงการ ดังต่อไปนี้,Paragraph,None,
1,Image,"https://honorable-diadem-0aa.notion.site/image/https%3A%2F%2Fprod-files-secure.s3.us-west-2.amazonaws.com%2Fee77fe6a-d604-4826-acc3-5d826e2648d8%2F653c4fb4-0339-4c13-8c33-9988125c3347%2FSite___Map.jpg?table=block&id=19f18aee-0892-4aae-b630-543943c9de89&spaceId=ee77fe6a-d604-4826-acc3-5d826e2648d8&width=960&userId=&cache=v2, เส้นทางท่องเที่ยวเชิงสร้างสรรคไซต์เวียงเจ็ดลิน",Fit,None,
2,Text,ศาลาตาน้ำเวียงเจ็ดลิน (รายละเอียดการประกวด),Title,None,
2,Text,ที่มาและความสำคัญ,Heading,None,
2,Text,เวียงเจ็ดลิน เป็นเมืองโบราณตั้งอยู่บริเวณเชิงเขาดอยสุเทพ เวียงเจ็ดลินปรากฏในหลักฐานทาง ประวัติศาสตร์ในหลายๆ แห่งในรูปแบบของตำนานและการจัดบันทึก อีกทั้งยังได้เคยมีการขุดค้นและ พบชิ้นส่วนของเครื่องใช้ดินเผามากมาย ได้ถูกนำมาศึกษาวิจัยและต่อยอดองค์รู้มากมาย แต่ตามปัจจุบัน เวียงเจ็ดลิน ไม่ได้ถูกดูแลเป็นอย่างดีเท่าที่ควร อีกทั้งร่องรอยหรือสัญฐานทางโบราณคดียังเริ่มจางให้ไป ตามกาล และรกร้าง,Paragraph,None,
2,Text,"โครงการ “ลำเหมืองที่หายไป...ว่าด้วยการพลิกฟื้นและจัดการทุนวัฒนธรรมที่เกิดขึ้นจาก สายน้ำ” กำลังตั้งคำถามถึงการเลือนหายไปและการฟื้นนฟูให้แหล่งน้ำตามธรรมชาติที่เคยเป็นชัยภูมิของ เมืองได้กลับมามีชีวิตอีกครั้ง ผ่านการหาโอกาสและช่องทางในการพลิกฟื้นด้วยรูปแบบต่างๆ ไม่ว่าจะเป็น งานออกแบบที่ได้จากศึกษาทุนทางวัฒนธรรม, การส่งเสริมการท่องเที่ยว หรือการยกระดับมูลค่า เศรษฐกิจ เป็นต้น เพื่อให้ทุนทางวัฒนธรรมทางสายน้ำนี้สะท้อนถึงการมีอยู่และนำไปสู่การพัฒนาทุน วัฒนธรรมอื่นๆ สืบต่อไป",Paragraph,None,
2,Text,"ดังนั้น โครงการ “ลำเหมืองที่หายไป...ว่าด้วยการพลิกฟื้นและจัดการทุนวัฒนธรรมที่เกิดขึ้นจาก สายน้ำ” ในความร่วมมือของกระทรวงการอุดมศึกษา วิทยาศาสตร์ วิจัยและนวัตกรรม, ศูนย์ล้านนาสร้างสรรค์และมหาวิทยาลัยเชียงใหม่ ขอเชิญนักออกแบบรุ่นใหม่มาร่วมกันสร้างแนวคิดและ การออกแบบศาลาตาน้ำเวียงเจ็ดลินเพื่อนำไปสู้การจัดการและนำเสนอทุนทางวัฒนธรรมที่กำลังเลือนหาย ให้กับขึ้นในความรับรู้อีกครั้ง",Paragraph,None,
2,Link,"google.com, ดูรายละเอียด",Attachment,None,
2,Text,ผลงานการประกวดผลงานการออกแบบอันดับ 1 - 3,Title,None,
2,Text,ผลงานประกวดรางวัลที่ 1 (ทีม ARRG Arch Ranger ),Heading,None,
2,Text,แนวคิด สายน้ำ7สายและเมืองรูปวงกลม “เวียงเจ็ดลิน”,Subheading,None,
2,Text,น้ำเปรียบดั่งชีวิตของคนมาช้านานตั้งแต่ อดีตวิถีชีวิตที่ถูกล่อเลี้ยงด้วยสายน้ำและธรรมชาติต้นกำเนิดชีวิต ต้นกำแนิดสายน้ำจากภูเขาไหลสู่ เบื่องล่าง ผ่านการไหล ซึมซับ กรองผ่านชั้นหินและผุดเป็นตาน้ำที่ใส่สะอาด ผ่านกาวเวลา เรื่องราว หลายชั่วอายุเป็นเรื่องราวของเวียงเจ็ดลิน แม้ปัจจุบันสายน้ำหลายสายจะแห้งเหือดไปตามการเวลาและวิถีชีวิตของคนที่เปลี่ยนไป และรบกวนธรรมชาติ ทำให้สายน้ำที่เคยใกล้ชิดกับ คนนั้นหายแห้งเหือดไป เช่นเดียวกับเรื่องราวของเวียงเจ็ดลิน ที่น้อยคนจะรู้แม้แต่ผู้ที่อาศัยอยู่ในพื้นที่เอง ทางผู้จัดทำจึงตระหนักถึงการรำลึกถึงสายน้ำทั้ง7 และเรื่องราวของเวียงเจ็ดลิน อีกทั้งการทำให้ผู้คนได้ใกล้ชิดกับแหล่งน้ำสำคัญ 1 ใน 7 ของเวียงเจ็ดริน จึงนำไปสู่การออกแบบพื้นที่เพื่ออนุรักษ์เชิงประวัติศาสตร์และการมีปฏิสัมพันธ์กับพื้นที่เพื่อให้ได้ซึมซับบรรยากาศ เรื่องราวของพื้นที่ได้อย่างลึกซึ้ง,Paragraph,None,
2,Text,แนวคิดในการออกแบบศาลาตาน้ำเวียงเจ็ดลิน (Concept),Heading,None,
2,Text,ทางผู้จัดทำต้องการให้ผู้คนได้เข้ามาอยู่ใกล้กับน้ำเข้ามาใกล้กับพื่นที่ตานน้ำของเวียงเจ็ดลินในอดีตที่ถูกปล่อยทิ้งมานาน ศาลาตาน้ำโดยมุ่งให้คนเข้ามาใช้เพื่อพักผ่อนหรือแม้แต่เป็นพื้นที่อเนกประสงค์ในการใช้งานสำหรับผู้ที่ผ่านเข้ามา,Paragraph,None,
2,Image,"https://honorable-diadem-0aa.notion.site/image/https%3A%2F%2Fprod-files-secure.s3.us-west-2.amazonaws.com%2Fee77fe6a-d604-4826-acc3-5d826e2648d8%2F627e93dd-7999-4c24-83bd-fbc08a3924ef%2FUntitled.png?table=block&id=f86af4e1-3d0e-4472-be68-1ddbc37be1ff&spaceId=ee77fe6a-d604-4826-acc3-5d826e2648d8&width=850&userId=&cache=v2(),https://honorable-diadem-0aa.notion.site/image/https%3A%2F%2Fprod-files-secure.s3.us-west-2.amazonaws.com%2Fee77fe6a-d604-4826-acc3-5d826e2648d8%2Fde100527-1966-4ea9-b1cc-39cdc2eec839%2FUntitled.png?table=block&id=105b6343-1e16-48f8-b3a6-ccdaa2442e82&spaceId=ee77fe6a-d604-4826-acc3-5d826e2648d8&width=920&userId=&cache=v2(),https://honorable-diadem-0aa.notion.site/image/https%3A%2F%2Fprod-files-secure.s3.us-west-2.amazonaws.com%2Fee77fe6a-d604-4826-acc3-5d826e2648d8%2F5d827342-e5a0-41ae-b5e8-5011ca378420%2FARRG05.jpg?table=block&id=f795acad-3f7b-4fc1-88a4-fc135f39104a&spaceId=ee77fe6a-d604-4826-acc3-5d826e2648d8&width=770&userId=&cache=v2()",Carousel,None,
2,Text,ทางเข้าหลักของศาลา ,Heading,None,
2,Text,การจัดวางและเปิดมุมมองนั้นมีการวิเคราะห์ผ่านทิศทางของลมและแสงทำให้พื้นที่ถูกกั้นโดย ระแนงทำให้ลมและแสงยังสามารถผ่านไปได้ พื้นที่บริเวณนี้เป็นการนำทางให้ผู้ใช้เข้าไปในพื้นที่และมีการเล่าเรื่องราวของเวียงเจ็ดลิน,Paragraph,None,
2,Image,"https://honorable-diadem-0aa.notion.site/image/https%3A%2F%2Fprod-files-secure.s3.us-west-2.amazonaws.com%2Fee77fe6a-d604-4826-acc3-5d826e2648d8%2F5d827342-e5a0-41ae-b5e8-5011ca378420%2FARRG05.jpg?table=block&id=f795acad-3f7b-4fc1-88a4-fc135f39104a&spaceId=ee77fe6a-d604-4826-acc3-5d826e2648d8&width=770&userId=&cache=v2,",Fit,None,
2,Text,ใจกลางศาลา,Heading,None,
2,Text,การออกแบบเป็นการจำลองพื้นที่เป็นภูเขาให้ได้เข้ามาอยู่ใกล้กับคนเนื่องจากเจ็ดลินนั้นมีความเกี่ยวข้องกัน ระหว่างคน น้ำ และภูเขา,Paragraph,None,
2,Image,"https://honorable-diadem-0aa.notion.site/image/https%3A%2F%2Fprod-files-secure.s3.us-west-2.amazonaws.com%2Fee77fe6a-d604-4826-acc3-5d826e2648d8%2Faf7acbdb-2303-43f9-b38d-0de7dfd8cb3b%2FARRG03.jpg?table=block&id=1aef69ac-dfa0-4d54-85a7-a112d2c712aa&spaceId=ee77fe6a-d604-4826-acc3-5d826e2648d8&width=960&userId=&cache=v2,",Fit,None,
2,Text,พื้นที่ใช้สอยโดยรอบ ,Heading,None,
2,Text, พื้นที่ที่เปรียบสเหมือนคลื่นน้ำเกิดการเคลื่อนไหว โดยมีรูปทรงที่โค้งคล้ายกับคลื่นที่เกิดขึ้นเมื่อน้ำพุด จากพื้น และใช้ผ้าในการเพิ่มความพริ้วไหวของศาลาให้มีชีวิตคล้ายกับสายที่กำลังพริ้วไหว อีกทั้งหน้าที่เชิ่งการใช้สอยในการแบ่งพื้นที่หรือกั้นมุมมอง,Paragraph,None,
2,Image,"https://honorable-diadem-0aa.notion.site/image/https%3A%2F%2Fprod-files-secure.s3.us-west-2.amazonaws.com%2Fee77fe6a-d604-4826-acc3-5d826e2648d8%2Fec3c79aa-8a09-4159-8949-919768ff0e93%2FARRG02.jpg?table=block&id=e98469e8-2134-45b5-9b6c-21bb39e89220&spaceId=ee77fe6a-d604-4826-acc3-5d826e2648d8&width=960&userId=&cache=v2,",Fit,None,
2,Text,บ่อตาน้ำผุด,Heading,None,
2,Text,บ่อยังคงรูปทรงเดิมตามโครงสร้างด้านล่างเพื่อป้องการการรบกวนระบบตาน้ำด้านล่างแต่มีการเพิ่มลูกเล่น เข้าไปโดยเพิ่มการเล่นระดับน้ำไหล เพื่อเพิ่มการเคลื่อนไหวของน้ำและดึงดูดความสนใจของคนที่เข้ามาใช้พื้นที่เมื่อได้สินเสียงน้ำก็จะเข้ามาสนใจพื้นที่อีก ทั้งยังทำให้พื้นที่ดูมีชีวิตเกิดการไหลของน้ำ,Paragraph,None,
2,Image,"https://honorable-diadem-0aa.notion.site/image/https%3A%2F%2Fprod-files-secure.s3.us-west-2.amazonaws.com%2Fee77fe6a-d604-4826-acc3-5d826e2648d8%2Ff1345de4-6b31-4ac6-98e1-38b7d48be52e%2FARRG04.jpg?table=block&id=b768cf57-2b7f-4411-8da0-4ba282728f06&spaceId=ee77fe6a-d604-4826-acc3-5d826e2648d8&width=960&userId=&cache=v2,",Fit,None,
2,Text,ภาพแบบร่างออกแบบ,Heading,None,
2,Image,"https://honorable-diadem-0aa.notion.site/image/https%3A%2F%2Fprod-files-secure.s3.us-west-2.amazonaws.com%2Fee77fe6a-d604-4826-acc3-5d826e2648d8%2Ff8a4aa89-e3a0-4cb5-9f5e-faa926fd6999%2FUntitled.png?table=block&id=43c33994-7451-496f-a45a-e373a39db952&spaceId=ee77fe6a-d604-4826-acc3-5d826e2648d8&width=1560&userId=&cache=v2,",Fit,None,
2,Text,วัสดุและการออกแบบ (Plan),Heading,None,
2,Text,"การออกแบบหลังคามาจากน้ำที่ตก บนน้ำทำให้น้ำกระเพือมออก,ไม้ไผ่จะถูกตัดและจะมัดให้เป็นรูปทรงอาร์ด,ที่บริเวณเสาจะมีไม้ไผ่ตัดขึ้นรูปโค้งถักกันไปมาเพื่อเป็นโครงสร้างหลังคา,EAVE GRASS,BAMBOO",List(bullet),None,
2,Image,"https://honorable-diadem-0aa.notion.site/image/https%3A%2F%2Fprod-files-secure.s3.us-west-2.amazonaws.com%2Fee77fe6a-d604-4826-acc3-5d826e2648d8%2F845c56a2-09d3-4164-b8fa-9de1ba8e91ec%2FUntitled.png?table=block&id=e95255fd-edf5-40bd-86c3-98749d66cb7b&spaceId=ee77fe6a-d604-4826-acc3-5d826e2648d8&width=1390&userId=&cache=v2,",Fit,None,
2,Text,มุมมองการออกแบบ,Heading,None,
2,Text,"Free Space,Water spring,History,System pump",List(bullet),None,"หมายเหตุ: แต่ละรายการข้อมูล คั่นด้วย เครื่องหมาย (,)"
2,Image,"https://honorable-diadem-0aa.notion.site/image/https%3A%2F%2Fprod-files-secure.s3.us-west-2.amazonaws.com%2Fee77fe6a-d604-4826-acc3-5d826e2648d8%2F88f9175c-d862-4110-939c-aa2a8779692b%2FUntitled.png?table=block&id=4fcfbad7-ccbc-4f9f-81fb-b13b6a2262d2&spaceId=ee77fe6a-d604-4826-acc3-5d826e2648d8&width=1250&userId=&cache=v2(),https://honorable-diadem-0aa.notion.site/image/https%3A%2F%2Fprod-files-secure.s3.us-west-2.amazonaws.com%2Fee77fe6a-d604-4826-acc3-5d826e2648d8%2F88c9eb7c-b887-4462-81ec-a4413c4a2db5%2FUntitled.png?table=block&id=1e9a4d4d-1a5d-4f41-959f-3af138fe61a3&spaceId=ee77fe6a-d604-4826-acc3-5d826e2648d8&width=1740&userId=&cache=v2(),https://honorable-diadem-0aa.notion.site/image/https%3A%2F%2Fprod-files-secure.s3.us-west-2.amazonaws.com%2Fee77fe6a-d604-4826-acc3-5d826e2648d8%2Fb47a2a23-e8d6-4c73-9573-e29c547b0026%2FUntitled.png?table=block&id=df7bd1b1-a7f7-46d9-af5b-b826f9236522&spaceId=ee77fe6a-d604-4826-acc3-5d826e2648d8&width=1440&userId=&cache=v2()",Slideshow,None,
2,Text,ผลงานประกวดรางวัลที่ 2 (WXYZ_LIFERETURN),Heading,None,
2,Text,แนวคิดในการออกแบบศาลาตาน้ำเวียงเจ็ดลิน (Concept) ,Subheading,None,
2,Text,“ลำน้ำที่สำคัญให้กลับบ้านมีชีวิตชีวา และ โลดแล่นในความคิดของผู้คนในปัจจุบันอีกครั้ง”,Paragraph,None,
2,Text,ฟื้นคืน การมีชีวิตของตาน้ำ,Heading,None,
2,Text,ตาน้ำเองได้รู้สึกถึงการมีชีวิตอีกครั้ง - ต้นกำเนิดของตาน้ำธรรมชาติ มีแรงดันจากใต้ดินดันตัว และท้ายสุดก็ปรากฎสู่พื้นดินขึ้นมาภายนอก,Paragraph,None,
2,Text,"การผุดขึ้น,การเคลื่อนไหว,สร้างระบบนิเวศ",List(bullet),None,
2,Text,ตาน้ำเองได้รู้สึกถึงการมีชีวิต จาการให้ความสำคัญของผู้คน - สร้างปฏิสัมพันธ์กัยผู้คนโดยการ เชื้อเชิญ ให้ผู้คนสามารถได้อะไรจากตาน้ำ,Paragraph,None,
2,Text,การศึกษา,Subheading,None,
2,Text,"ต้องสามารถให้ความรู้เชิงประวัติศาสตร์,ต้องสามารถให้ความรู้เชิงวิทยาศาสตร์",List(bullet),None,
2,Text,ผู้คนทั่วไป,Subheading,None,
2,Text,"จัดวันเพื่อการบูรณะและค่อยดูแลสถานที่อยู่เสมอ,เป็นจุดเยี่ยมชมหลักฐานทางประวัติศาสตร์",List(bullet),None,
2,Image,"https://honorable-diadem-0aa.notion.site/image/https%3A%2F%2Fprod-files-secure.s3.us-west-2.amazonaws.com%2Fee77fe6a-d604-4826-acc3-5d826e2648d8%2Fd5f53dda-90b2-452f-8709-a3da5b2363c3%2FUntitled.png?table=block&id=a645372b-fc44-4af6-aec8-a68bbf96b8b6&spaceId=ee77fe6a-d604-4826-acc3-5d826e2648d8&width=1590&userId=&cache=v2(),https://honorable-diadem-0aa.notion.site/image/https%3A%2F%2Fprod-files-secure.s3.us-west-2.amazonaws.com%2Fee77fe6a-d604-4826-acc3-5d826e2648d8%2Ffd7436d2-f9ae-4b76-9a3d-449cf0fa572d%2FUntitled.png?table=block&id=7f1a0bd8-cacc-4c00-9d02-627cedd5dffb&spaceId=ee77fe6a-d604-4826-acc3-5d826e2648d8&width=1150&userId=&cache=v2()",Carousel,None,
2,Text,วัสดุและการออกแบบ (Plan),Subheading,None,
2,Image,"https://honorable-diadem-0aa.notion.site/image/https%3A%2F%2Fprod-files-secure.s3.us-west-2.amazonaws.com%2Fee77fe6a-d604-4826-acc3-5d826e2648d8%2F5d21c2c8-61eb-4fd3-81e4-b24efdceaf41%2FUntitled.png?table=block&id=42227d11-4ba8-4647-9ea7-ee8a950aaba9&spaceId=ee77fe6a-d604-4826-acc3-5d826e2648d8&width=770&userId=&cache=v2,",Fit,None,
2,Text,Key plan,Subheading,None,
2,Text,"ทางเข้าศาลา,ทางเดินในกำแพง,ตาน้ำ,ทางเดินรอบตาน้ำ,ตาน้ำขันบันได,ปั๊มน้ำ",List(number),None,"หมายเหตุ: แต่ละรายการข้อมูล คั่นด้วย เครื่องหมาย (,)"
2,Image,"https://honorable-diadem-0aa.notion.site/image/https%3A%2F%2Fprod-files-secure.s3.us-west-2.amazonaws.com%2Fee77fe6a-d604-4826-acc3-5d826e2648d8%2F38e2aaaa-951a-48c1-8d2a-fffddba32476%2FUntitled.png?table=block&id=3ee826b7-e916-4a91-8bb9-1b3d99d21fbe&spaceId=ee77fe6a-d604-4826-acc3-5d826e2648d8&width=580&userId=&cache=v2,",Fit,None,
2,Text,วัสดุโครงสร้างรวม,Subheading,None,
2,Text,ไม้ไผ่สามารถโค้งงอหรือปรับได้หลากหลาย ทั้งการประดับตกแต่ง,Paragraph,None,
2,Image,"https://honorable-diadem-0aa.notion.site/image/https%3A%2F%2Fprod-files-secure.s3.us-west-2.amazonaws.com%2Fee77fe6a-d604-4826-acc3-5d826e2648d8%2F2078a19a-7ce8-40fa-802a-e086f18f4294%2FUntitled.png?table=block&id=9d408239-d5f2-4c01-a540-db1980ae5cc8&spaceId=ee77fe6a-d604-4826-acc3-5d826e2648d8&width=580&userId=&cache=v2,",Fit,None,
2,Text,ศิลาแลง,Subheading,None,
2,Text,กำแพงนำเดินโดยรอบตัวศาลา เปรียบเสมือนกำแพงเมือง,Paragraph,None,
2,Image,"https://honorable-diadem-0aa.notion.site/image/https%3A%2F%2Fprod-files-secure.s3.us-west-2.amazonaws.com%2Fee77fe6a-d604-4826-acc3-5d826e2648d8%2Fd74f3363-4346-41e7-9677-81f4b382103c%2FUntitled.png?table=block&id=717e01cf-fd69-48b7-a85e-09d941823c5d&spaceId=ee77fe6a-d604-4826-acc3-5d826e2648d8&width=580&userId=&cache=v2,",Fit,None,
2,Text,วัสดุมุง,Subheading,None,
2,Text,หลังคาที่ต้องการความโปร่งใส อย่างเช่น หลังคา PVC หรือโพลี่คาบอน,Paragraph,None,
2,Image,"https://honorable-diadem-0aa.notion.site/image/https%3A%2F%2Fprod-files-secure.s3.us-west-2.amazonaws.com%2Fee77fe6a-d604-4826-acc3-5d826e2648d8%2F21e07230-a169-4a9e-aa9f-6bf08a6d6645%2FUntitled.png?table=block&id=1ad1517b-1089-48f6-aafe-ae21a4da8832&spaceId=ee77fe6a-d604-4826-acc3-5d826e2648d8&width=1590&userId=&cache=v2,",Fit,None,
2,Text,"จำลองการผุด จากวิเคราะห์ Diagram สู่การพัฒนาแนวคิดสู่กายภาพทางสถาปัตยกรรม, การเปิด-ปิด การวิเคราะห์การเปิด-ปิดของพื้นที่จาก บริบทโดยรอบของไซต์ โดยเลือกที่จะเปิดตรงที่สำคัญทางสายตา และ สภาพอากาศและเลือกที่จะปิดในจุดที่จำเป็น,สร้างความเป็นระบบนิเวศ สร้างระบบนิเวศธรรมชาติที่เหมาะสมกับการเป็นตาน้ำ มีการออกแบบเลือกใช้ธรรมชาติส่งเสริมพื้นที่และยกระดับให้ความสำคัญตามแนวคิด และวัตถุประสงค์,เชื้อเชิญผู้คน การเชื้อเชิญให้ผู้คนเข้ามาใช้งานในพื้นที่ รับรู้ถึงความรู้สึกที่สำคัญทางประวัติศาสตร์ ผ่านการเลือกใช้ การปิดนอก-เปิดใน เพื่อให้ผู้คนที่เข้ามาได้มีความรู้สึกที่ต้องการอยากเข้าไป",List(number),None,"หมายเหตุ: แต่ละรายการข้อมูล คั่นด้วย เครื่องหมาย (,)"
2,Text,มุมมองการออกแบบ,Subheading,None,
2,Text,มุมมองทางสายตา ที่นำมาใช้ในการออกแบบ คือต้นจามจุรี เนื่องจากเป็นต้นไม้ที่มีอายุยาวนานจึงทำให้มีขนาดใหญ่ เป็นจุดดึงดูดสายตา และมีศักยภาพพอที่จะแสดงถึงการสร้างไฮไลท์ของพื้นที่ขั้นมาได้ จึงให้ความสำคัญกับต้นไม้นี้มาก แล้วจากการนำผลานกับ concept ที่ต้องการลองน้ำผุด ฟรอมของต้นไม้ก็ทำให้รู้สึกถึงการผุดของตาน้ำ ที่กระจายตัวออก จาก diagram ก่อนหน้านี้,Paragraph,None,
2,Image,"https://honorable-diadem-0aa.notion.site/image/https%3A%2F%2Fprod-files-secure.s3.us-west-2.amazonaws.com%2Fee77fe6a-d604-4826-acc3-5d826e2648d8%2F10eee9da-a83c-40aa-bb4d-0478a5252b7c%2FUntitled.png?table=block&id=8c9022e4-e4c0-45f0-93bb-1286e0357818&spaceId=ee77fe6a-d604-4826-acc3-5d826e2648d8&width=960&userId=&cache=v2,",Fit,None,
2,Image,"https://honorable-diadem-0aa.notion.site/image/https%3A%2F%2Fprod-files-secure.s3.us-west-2.amazonaws.com%2Fee77fe6a-d604-4826-acc3-5d826e2648d8%2F5c05ea47-8aab-480b-8d1c-968d7f6b08a4%2FUntitled.png?table=block&id=c326d48a-6dab-4b29-ad18-dcffa719f702&spaceId=ee77fe6a-d604-4826-acc3-5d826e2648d8&width=1100&userId=&cache=v2(),https://honorable-diadem-0aa.notion.site/image/https%3A%2F%2Fprod-files-secure.s3.us-west-2.amazonaws.com%2Fee77fe6a-d604-4826-acc3-5d826e2648d8%2F319462d1-b558-4af4-8488-502f8f623ca5%2FUntitled.png?table=block&id=bc1d1d75-4512-4892-9091-ab74cf6fb1bd&spaceId=ee77fe6a-d604-4826-acc3-5d826e2648d8&width=1080&userId=&cache=v2(),https://honorable-diadem-0aa.notion.site/image/https%3A%2F%2Fprod-files-secure.s3.us-west-2.amazonaws.com%2Fee77fe6a-d604-4826-acc3-5d826e2648d8%2Fc86a7999-3327-4784-95ba-c082a890d874%2FUntitled.png?table=block&id=c985405f-a890-458d-b506-f3c89c047a81&spaceId=ee77fe6a-d604-4826-acc3-5d826e2648d8&width=580&userId=&cache=v2(),https://honorable-diadem-0aa.notion.site/image/https%3A%2F%2Fprod-files-secure.s3.us-west-2.amazonaws.com%2Fee77fe6a-d604-4826-acc3-5d826e2648d8%2F9407ae6d-ec46-4d2d-a573-1947266a92be%2FUntitled.png?table=block&id=84aada03-2d4c-471b-b3ab-a30637feff13&spaceId=ee77fe6a-d604-4826-acc3-5d826e2648d8&width=860&userId=&cache=v2()",Carousel,None,
2,Text,ผลงานประกวดรางวัลที่ 3 (PWGG Holy Spot),Heading,None,
2,Text,แนวคิดในการออกแบบศาลาตาน้ำเวียงเจ็ดลิน (Concept) ,Subheading,None,
2,Image,"https://honorable-diadem-0aa.notion.site/image/https%3A%2F%2Fprod-files-secure.s3.us-west-2.amazonaws.com%2Fee77fe6a-d604-4826-acc3-5d826e2648d8%2F842911b8-0ce9-4166-a9ff-8123b0ec3ad3%2FUntitled.png?table=block&id=ddf93f6e-6294-4e2d-8c7c-e4e525825734&spaceId=ee77fe6a-d604-4826-acc3-5d826e2648d8&width=960&userId=&cache=v2,",Fit,None,
2,Text,ประวัติและความสำคัญ,Subheading,None,
2,Text,"""น้ำผุดกลางเวียงเจ็ดลิน ปัจจุบันนํ้าจากบ่อน้ำแห่งนี้ได้ถูกใช้ในการประกอบพิธีกรรมต่างๆ ด้วยความเชื่อที่ส่งต่อกันมาว่าเป็นน้ำศักดิ์สิทธิ์ตั้งแต่โบราณ""",Paragraph,None,
2,Text,"""น้ำ"" ที่เวียงเจ็ดลินนี้ ถือว่าเป็นน้ำศักดิ์สิทธิ์ อนึ่ง ได้รับน้ำจากดอยสุเทพ และศูนย์กลางของเมืองก็ยังเป็นแหล่งน้ำผุด เวียงเจ็ดลินน่าเป็นเวียงที่ถูกสร้างขึ้นเพื่อการประทับพักผ่อน เล่นน้ำตก เข้าป่าล่าสัตว์ ของชนชั้นสูงของเมืองเชียงใหม่ รวมทั้งเป็นสถานที่ต้อนรับแขกบ้านแขกเมือง เวียงเจ็ดลินจึงมิใช่เป็นเมืองที่มีความสมบูรณ์ในตัวเอง แต่เป็นหนึ่งในกลุ่มเวียงบริวารของเมืองเชียงใหม่ เวียงเจ็ดลินไม่น่าจะเป็นเมืองที่มีการอยู่อาศัย ที่ประกอบไปด้วยวัง วัด ตลาด บ้าน แต่เป็นเวียงบริวารที่เป็นองค์ประกอบทางผังเมืองของเมืองเชียงใหม่ จากแนวคิดนี้เชื่อมโยงให้เห็นภาพเมืองเชียงใหม่โดยรวมว่าอยู่อาศัยจริงในเขตเมืองชั้นในและชั้นนอก มีกลุ่มเวียงบริวารที่ทำหน้าที่เฉพาะร่วมด้วย ได้แก่ เวียงกุมกาม เพื่อการอยู่อาศัยแต่มีปัญหาน้ำท่วม เวียงสวนดอกเพื่อการศาสนา เวียงบัวเพื่อการพักผ่อนใกล้หนองบัว หรือหนองน้ำขนาดใหญ่ด้านทิศตะวันออกเฉียงเหนือของเมือง และเวียงเจ็ดลินเพื่อการพักผ่อนตากอากาศเชิงดอยสุเทพ",Paragraph,None,
2,Text,SITELOCATION AND EXISTING,Subheading,None,
2,Text,ที่ตั้งโครงการจะตั้งอยู่บริเวณตาน้ำผุดภายในภายในศูนย์ราชการกรมปศุสัตว์ มีองค์ประกอบโดยรอบเป็น ศาลปู่หลักเวียงเจ็ดริน ศาลาเพียงคา ต้นไม้ใหญ่ และต้นจามจุรี และตรงกันข้ามในอนาคตจะเป็นที่อยู่ของพระโคที่ประกอบพิธี เสร็จแล้ว,Paragraph,None,
2,Text,CONTEXT,Subheading,None,
2,Text,มีลักษณะเป็นลานกิจกรรมเคยมีการใช้เป็นพื้นที่จัดแสดงเก่า แต่ไม่ได้ใช้ใช้งาน จะมีแค่ศาลปู่หลักเวียงเจ็ดรินที่ยังมีการใช้งาน และจากการวิเคราะห์พื้นที่ พื้นที่นี้ไม่ได้มีความเป็นพื้นที่สาธารณะมากขนาดนั้น เพราะเป็นศูนย์ราชการและเข้ามาจากถนนเส้นหลักลึก หากจะแสดงถึงการมีอยู่ของตัวตนและความสำคัญ ของ ตาน้ำศักดิ์สิทธิ์ สิ่งที่ต้องทำคือ ต้องสร้างความสำคัญของพื้นที่ตาน้ำผุดกับผู้คน แล้ว สิ่งต่างๆตามวัตถุประสงค์จะมาเอง โดยมีทิศทางการออกแบบ คือ,Paragraph,None,
2,Text,"ต้องมีตัวตน,ต้องมีปฏิสัมพันธ์,ต้องเป็นประโยชน์",List(number),None,
2,Text,CONCEPT HOLY SPOT จุดศักดิ์สิทธิ,Subheading,None,
2,Text,ซึ่ง Holy spot นี้เองมาจากคำว่า Holy(ศักดิ์สิทธิ) และ Water spot(ตาน้ำผุด) สู่การสร้างความสำคัญเดี๋ยวความศักดิ์สิทธิ์ของประวัติศาสตร์และพื้นที่โดย กระบวนการทั้ง 3 ที่ได้กล่าวมา,Paragraph,None,
2,Image,"https://honorable-diadem-0aa.notion.site/image/https%3A%2F%2Fprod-files-secure.s3.us-west-2.amazonaws.com%2Fee77fe6a-d604-4826-acc3-5d826e2648d8%2F9d748142-92db-4dfb-a508-a829bee76652%2FUntitled.png?table=block&id=ed3c1147-b97a-4edd-8a0f-1bd42c56247b&spaceId=ee77fe6a-d604-4826-acc3-5d826e2648d8&width=1590&userId=&cache=v2,",Fit,None,
2,Text,การอนุรักษ์,Heading,None,
2,Text,ในการสร้างความสำคัญนี้ ต้องเริ่มจากการ ร คงอยู่ ท่อนแล้วจึงจะมีตัวตน เราจึงให้ความสำคัญไปกับการอนุรักษ์ ถ้าจะต้องดีจากข้างในจึงย้อนไปดูถึงการจัดการน้ำเต็มที่เมื่อถึงระดับจะดันป่าไปเก็บยังที่อื่น ทางเราจึงทำอยู่ 2 ส่วน คือเพิ่มออกซิเจนในน้ำโดยการหย่อนเครื่องทํานํ้าพลงไปสร้างกระบวนการยิ้มและปล่อยได้น้ำ และในส่วนที่ บและปล่อยได้น่า และในส่วนที่ 2 คือสร้างการไหลเวียนของน้ำไดยอาลัยรูปแบบเดิมยิ้มนํ้าขึ้นไปที่สูงกว่า แล้วปล่อยไหลกลับลงสู่อ่างเก็บน้ำหมุนเวียนไปเรือนรกเปิดตายตัวว่ามาพอกอากากได้แยงจากป่า และ 2 เสียงจากการกระทบกับของไม้ไผ่สู่การเป็นเครื่องดนตรีสำคัญของยาวลัวะอย่าง อีเก้ง,Paragraph,None,
2,Image,"https://honorable-diadem-0aa.notion.site/image/https%3A%2F%2Fprod-files-secure.s3.us-west-2.amazonaws.com%2Fee77fe6a-d604-4826-acc3-5d826e2648d8%2F7f74324b-86fa-44c5-845e-7540abc20f7e%2FUntitled.png?table=block&id=50c24024-19ee-43fc-8409-dbd37d99998b&spaceId=ee77fe6a-d604-4826-acc3-5d826e2648d8&width=940&userId=&cache=v2(),https://honorable-diadem-0aa.notion.site/image/https%3A%2F%2Fprod-files-secure.s3.us-west-2.amazonaws.com%2Fee77fe6a-d604-4826-acc3-5d826e2648d8%2Fd3c59e84-97e7-4ab4-9b7e-3d3dfdfc6c7b%2FUntitled.png?table=block&id=c284a4ee-3aaa-491e-a938-49ce19c7df3f&spaceId=ee77fe6a-d604-4826-acc3-5d826e2648d8&width=1590&userId=&cache=v2()",Carousel,None,
2,Text,วัสดุและการออกแบบ (Plan),Heading,None,
2,Text,ในการออกแบบศาลา มีเป้าหมายสำคัญคือน้ำหนักของโครงสร้างจะต้องสร้างผลกระทบให้กับตาน้ำน้อยที่สุด โดยจะตั้งเสาเอียงออกให้คล้ายกับ ARCH ให้อยู่นอกพื้นที่ ตานํ้า ทําให้ SPACE ภายในลอยอยู่ เป็นการลอยบนน้ำ จากนั้นก็เชื่อมโครงสร้างให้แสดงถึงจะเชื่อมต่ออย่างชัดเจนให้เหมือนกันรูปแบบของเรือนเครื่องพูก และสร้าง จังหวะให้กับศาลสในการซ้อนหลังคาดึงภาพจ้าความศักดิ์สิทธิ์จากภาพจ้าของวัด วิหาร ตำหนัก ปิดทีบด้วยตอกและหยุดสายตาด้วยเสาอินทขิล วัสดุที่ใช้จะมีไม้ไผ่เป็นหลักจากคุณสมบัติของนํ้าหนักที่เบาและเสริมความแข็งแรงด้วยไม้เนื้อแข็ง,Paragraph,None,
2,Image,"https://honorable-diadem-0aa.notion.site/image/https%3A%2F%2Fprod-files-secure.s3.us-west-2.amazonaws.com%2Fee77fe6a-d604-4826-acc3-5d826e2648d8%2F346aeea5-456c-4056-873e-29db20363919%2FUntitled.png?table=block&id=f05d8cf8-e09b-4253-8ac8-1be535179798&spaceId=ee77fe6a-d604-4826-acc3-5d826e2648d8&width=580&userId=&cache=v2(),https://honorable-diadem-0aa.notion.site/image/https%3A%2F%2Fprod-files-secure.s3.us-west-2.amazonaws.com%2Fee77fe6a-d604-4826-acc3-5d826e2648d8%2Fd58276cf-777d-4447-8359-5a567fbd777b%2FUntitled.png?table=block&id=e145e171-fa9e-4e65-b59c-2c5d6e296a01&spaceId=ee77fe6a-d604-4826-acc3-5d826e2648d8&width=1590&userId=&cache=v2(),https://honorable-diadem-0aa.notion.site/image/https%3A%2F%2Fprod-files-secure.s3.us-west-2.amazonaws.com%2Fee77fe6a-d604-4826-acc3-5d826e2648d8%2Fe20ca500-952a-4be9-9aea-1cf2f7bcabc4%2FUntitled.png?table=block&id=b43da980-e3f5-4065-9cf4-4c068b733b6e&spaceId=ee77fe6a-d604-4826-acc3-5d826e2648d8&width=480&userId=&cache=v2()",Carousel,None,
2,Text,การเล่าเรื่อง,Heading,None,
2,Text,พอเริ่มรู้จักผ่านกิจกรรมแล้ว ก็จะมีการแชร์เรื่องราวโดยจะนำเสนอผ่านรูปแบบ ของจิตรกรรมฝาผนังผสมไปกับการแสดงหนังตะลุงจนเกิดเป็นAnimation ให้กับจิตรกรรมฝาผนังที่จะเล่าเรื่องราวและประวัติศาสตร์,Paragraph,None,
2,Image,"https://honorable-diadem-0aa.notion.site/image/https%3A%2F%2Fprod-files-secure.s3.us-west-2.amazonaws.com%2Fee77fe6a-d604-4826-acc3-5d826e2648d8%2F5897095f-71d3-43b8-b6c7-a79d67d763df%2FUntitled.png?table=block&id=19722769-8561-49bc-b9fe-27702aad049b&spaceId=ee77fe6a-d604-4826-acc3-5d826e2648d8&width=910&userId=&cache=v2,",Fit,None,
3,Text,แนวความคิดการออกแบบ,Heading,None,
3,Text,"นำมารูปทรงของ “เวียงเจ็ดลิน” ที่เป็นวงกลมอันเป็นเอกลักษณ์ของเมืองมาถ่ายทอดในรูปแบบของลำยเส้นที่ลดรูปใช้โทนสีแบบ Monotone ที่ได้รับความนิยม ในกลุ่มผู้ใช้อย่างวัยรุ่นปัจจุบัน ในกำรออกแบบยังมีกำรใส่องค์ประกอบที่อยู่ในที่ตั้งอย่างวัว, ต้นจามจุรี, ต้นไม้ และส่ายน้ำที่กำลังจะหายไป",Paragraph,None,
3,Text,แนวความคิดการออกแบบ,Heading,None,
3,Text,"นำมารูปทรงของ “เวียงเจ็ดลิน” ที่เป็นวงกลมอันเป็นเอกลักษณ์ของเมืองมาถ่ายทอดในรูปแบบของลำยเส้นที่ลดรูปใช้โทนสีแบบ Monotone ที่ได้รับความนิยม ในกลุ่มผู้ใช้อย่างวัยรุ่นปัจจุบัน ในกำรออกแบบยังมีกำรใส่องค์ประกอบที่อยู่ในที่ตั้งอย่างวัว, ต้นจามจุรี, ต้นไม้ และส่ายน้ำที่กำลังจะหายไป",Paragraph,None,
3,Image,"https://honorable-diadem-0aa.notion.site/image/https%3A%2F%2Fprod-files-secure.s3.us-west-2.amazonaws.com%2Fee77fe6a-d604-4826-acc3-5d826e2648d8%2F31735e03-06e4-4a7b-894d-14a98f82d90d%2FUntitled.png?table=block&id=75911869-b479-49ff-9d84-a0bde3735e24&spaceId=ee77fe6a-d604-4826-acc3-5d826e2648d8&width=580&userId=&cache=v2(),https://honorable-diadem-0aa.notion.site/image/https%3A%2F%2Fprod-files-secure.s3.us-west-2.amazonaws.com%2Fee77fe6a-d604-4826-acc3-5d826e2648d8%2Ff5759620-8b21-4c5f-b8c1-b5bfeb8f2827%2FUntitled.png?table=block&id=cffce7c6-1c14-4f1e-a51d-994d29d5d8ee&spaceId=ee77fe6a-d604-4826-acc3-5d826e2648d8&width=580&userId=&cache=v2(),https://honorable-diadem-0aa.notion.site/image/https%3A%2F%2Fprod-files-secure.s3.us-west-2.amazonaws.com%2Fee77fe6a-d604-4826-acc3-5d826e2648d8%2F90523280-f500-49ae-a44d-8ffe098ecd2a%2FUntitled.png?table=block&id=3c72d2f2-7990-4ba0-906c-63eda0bffff4&spaceId=ee77fe6a-d604-4826-acc3-5d826e2648d8&width=580&userId=&cache=v2(),https://honorable-diadem-0aa.notion.site/image/https%3A%2F%2Fprod-files-secure.s3.us-west-2.amazonaws.com%2Fee77fe6a-d604-4826-acc3-5d826e2648d8%2Fd88064ec-d361-4343-8bbe-f3d7f871134b%2FUntitled.png?table=block&id=3d57c1df-aabd-4706-bf71-0849dbd78398&spaceId=ee77fe6a-d604-4826-acc3-5d826e2648d8&width=480&userId=&cache=v2(),https://honorable-diadem-0aa.notion.site/image/https%3A%2F%2Fprod-files-secure.s3.us-west-2.amazonaws.com%2Fee77fe6a-d604-4826-acc3-5d826e2648d8%2Fe9e65283-3a99-4dfa-a1a9-16c41525cf98%2FUntitled.png?table=block&id=dc83a59b-1e93-43b8-a71f-5d3fdf2f88fc&spaceId=ee77fe6a-d604-4826-acc3-5d826e2648d8&width=420&userId=&cache=v2(),https://honorable-diadem-0aa.notion.site/image/https%3A%2F%2Fprod-files-secure.s3.us-west-2.amazonaws.com%2Fee77fe6a-d604-4826-acc3-5d826e2648d8%2Fef59562d-0526-4650-af3b-2b2af43e9ccf%2FUntitled.png?table=block&id=fa3b4bf8-c65e-47a2-a01c-d6828ec08ce1&spaceId=ee77fe6a-d604-4826-acc3-5d826e2648d8&width=430&userId=&cache=v2(),https://honorable-diadem-0aa.notion.site/image/https%3A%2F%2Fprod-files-secure.s3.us-west-2.amazonaws.com%2Fee77fe6a-d604-4826-acc3-5d826e2648d8%2Ffd625f12-491d-4dd4-8c61-dfbb4eb71b56%2FUntitled.png?table=block&id=d5457aab-2d8d-42a2-b24d-cbc84d10129c&spaceId=ee77fe6a-d604-4826-acc3-5d826e2648d8&width=360&userId=&cache=v2()",Carousel,None,
3,Text,แบบร่างของลวดลาย,,None,
3,Image,"https://honorable-diadem-0aa.notion.site/image/https%3A%2F%2Fprod-files-secure.s3.us-west-2.amazonaws.com%2Fee77fe6a-d604-4826-acc3-5d826e2648d8%2Fa1c650f9-4a18-4a30-af3e-b8b5cdea9bc3%2FUntitled.png?table=block&id=d2f0b4ee-eb25-4f84-96d9-2d6709b96548&spaceId=ee77fe6a-d604-4826-acc3-5d826e2648d8&width=980&userId=&cache=v2(),https://honorable-diadem-0aa.notion.site/image/https%3A%2F%2Fprod-files-secure.s3.us-west-2.amazonaws.com%2Fee77fe6a-d604-4826-acc3-5d826e2648d8%2F6820c551-a76c-47eb-9c84-28475bb40be2%2FUntitled.png?table=block&id=a7fe3003-b57a-459b-9f86-6f5672d54b49&spaceId=ee77fe6a-d604-4826-acc3-5d826e2648d8&width=820&userId=&cache=v2()",Slideshow,None,
3,Text,"ในการออกแบบ (01) ได้ใส่เพียงองค์ประกอบหลักๆ อย่างตาน้ำและต้นจามจุรีเข้าไป พร้อมด้วยบรรยากาศของที่ตั้งที่เป็นภูเขา , ต้นไม้และเมฆ",Paragraph,None,
3,Text,"ต่อจากนั้น ได้ทำการปรับแบบเพื่อให้สอดคล้องกับการผลิต โดยการปรับแก้ไขให้องค์ประกอบต่างๆ ในลวดลายมีขนาดใหญ่ขึ้น ร่วมไปถึงการใส่องค์ประกอบอื่นๆ อย่างวัวที่แสดงถึงกรมปศุสัตว์, ฟานที่เป็นสัญลักษณ์ของตำนานล้านนา, สำยน้ำทั้งเจ็ดที่มาเกิดเป็นชื่อของเวียงเจ็ดลิน ศาลาราชมงคลที่แสดงถึงมหาวิทยารงมงคลลล้านนา หรือช้างที่แสดงถึงมหาวิทยาลัยเชียงใหม่ที่อยู่ในพื้นที่เวียงเจ็ดลิน จนเกิดเป็นหมายเลข (02)",Paragraph,None,
3,Text,ลวดลาย 01_A (โปสเตอร์),Heading,None,
3,Image,"https://honorable-diadem-0aa.notion.site/image/https%3A%2F%2Fprod-files-secure.s3.us-west-2.amazonaws.com%2Fee77fe6a-d604-4826-acc3-5d826e2648d8%2F21276b6c-ca2d-4b3f-a21e-2d1322ebc047%2FUntitled.png?table=block&id=a93693df-3924-4263-b824-b6ba57bd57d5&spaceId=ee77fe6a-d604-4826-acc3-5d826e2648d8&width=820&userId=&cache=v2(),https://honorable-diadem-0aa.notion.site/image/https%3A%2F%2Fprod-files-secure.s3.us-west-2.amazonaws.com%2Fee77fe6a-d604-4826-acc3-5d826e2648d8%2F8cc4b264-4afd-4f38-aa5e-c3e4c3fab161%2FUntitled.png?table=block&id=6c45d911-f65b-4a56-84e4-d78484227727&spaceId=ee77fe6a-d604-4826-acc3-5d826e2648d8&width=770&userId=&cache=v2(),https://honorable-diadem-0aa.notion.site/image/https%3A%2F%2Fprod-files-secure.s3.us-west-2.amazonaws.com%2Fee77fe6a-d604-4826-acc3-5d826e2648d8%2Fba2a77bf-6f10-4c6c-b0e0-388ce12d9069%2FUntitled.png?table=block&id=99d74030-2ad5-4ef7-a2fb-9e75bcb712e3&spaceId=ee77fe6a-d604-4826-acc3-5d826e2648d8&width=580&userId=&cache=v2(),https://honorable-diadem-0aa.notion.site/image/https%3A%2F%2Fprod-files-secure.s3.us-west-2.amazonaws.com%2Fee77fe6a-d604-4826-acc3-5d826e2648d8%2F18040de9-177c-414c-bf60-0157d73503cc%2FUntitled.png?table=block&id=c557cc15-5328-4fc1-8c66-c0c70edc1495&spaceId=ee77fe6a-d604-4826-acc3-5d826e2648d8&width=580&userId=&cache=v2()",Carousel,None,
3,Text,"สำหรับลวดลาย 01 มีการปรับโทนสีส้ม แต่ยังคงสีน้ำเงินที่เป็นสายน้ำและภูเขา เกิดลวดลำยเป็น 01_B จำกนั้น นำเอาลวดลายที่ได้ใน 01_A มีการนำมาจัดรูปแบบแนวตั้ง ใส่ทั้งสีน้ำเงินและสีส้มที่เป็นสีประจำโครงการ ออกแบบทั้งภาษาไทย, ภาษาอังกฤษ และอักษรธรรม(ตั๋วเมือง) ที่เป็นอักษรเก่าแก่ในวัฒนธรรมล้านนา เกิดเป็นลวดลาย 01_C และ 01_D",Paragraph,None,
3,Text,ลวดลาย 02_A-E (โคมไฟล้านนา),,None,
3,Image,"https://honorable-diadem-0aa.notion.site/image/https%3A%2F%2Fprod-files-secure.s3.us-west-2.amazonaws.com%2Fee77fe6a-d604-4826-acc3-5d826e2648d8%2Fdefe3b57-b418-4907-a4fa-c169fa85971e%2FUntitled.png?table=block&id=4a6f79fc-f33b-4023-8324-1e499a412401&spaceId=ee77fe6a-d604-4826-acc3-5d826e2648d8&width=1680&userId=&cache=v2(),https://honorable-diadem-0aa.notion.site/image/https%3A%2F%2Fprod-files-secure.s3.us-west-2.amazonaws.com%2Fee77fe6a-d604-4826-acc3-5d826e2648d8%2F3b7df57b-81a5-4d1e-87f0-213760280793%2FUntitled.png?table=block&id=79e966f1-2b2f-4c48-8d58-881799422ea0&spaceId=ee77fe6a-d604-4826-acc3-5d826e2648d8&width=220&userId=&cache=v2(),https://honorable-diadem-0aa.notion.site/image/https%3A%2F%2Fprod-files-secure.s3.us-west-2.amazonaws.com%2Fee77fe6a-d604-4826-acc3-5d826e2648d8%2F0e0d1645-020f-4d8a-927b-01e61c372f59%2FUntitled.png?table=block&id=d8e37de4-b587-4b2a-8605-2efb170d56c5&spaceId=ee77fe6a-d604-4826-acc3-5d826e2648d8&width=220&userId=&cache=v2(),https://honorable-diadem-0aa.notion.site/image/https%3A%2F%2Fprod-files-secure.s3.us-west-2.amazonaws.com%2Fee77fe6a-d604-4826-acc3-5d826e2648d8%2Fc4a96cd6-2ac9-493e-8955-85ac0ee01e0e%2FUntitled.png?table=block&id=b476c9e2-ead0-4ae3-8f9c-8af3f074aa24&spaceId=ee77fe6a-d604-4826-acc3-5d826e2648d8&width=260&userId=&cache=v2()",Carousel,None,
3,Text,สำหรับลวดลาย 02 ตั้งแต่ A – E ได้หยิบเอาองค์ประกอบของงานออกแบบที่เป็นภาพจำของเชียงใหม่และรวมไปถึงล้านนาเองอย่างโคมไฟล้านนามาใช้ในการออกแบบ จะเปลี่ยนและสลับโทนสีระหว่างสีส้มและสีน้ำเงิน ซึ่งในการตกแต่งโคมไฟนั้น จะมีการสัญลักษณ์สำคัญ ๆ อย่างนักษัตรทั้ง 12 ลวดลายล้านนา หรือหม้อบูรณฆฏะ โดยในการออกแบบนี้ ได้เปลี่ยนเป็นองค์ประกอบสำคัญ ๆ ในที่ตั้งแทนอย่างตาน้ำ ต้นจามจุรี และสัตว์ต่างๆ ที่แสดงถึงหน่วยงานต่างๆ ในที่ตั้งเวียงเจ็ดลิน,Paragraph,None,
3,Text,ลวดลาย 03_A-E (ตุง),Heading,None,
3,Image,"https://honorable-diadem-0aa.notion.site/image/https%3A%2F%2Fprod-files-secure.s3.us-west-2.amazonaws.com%2Fee77fe6a-d604-4826-acc3-5d826e2648d8%2F9c251cda-c124-45f4-bef7-77527a3e20a2%2FUntitled.png?table=block&id=1158161a-b791-49c7-a8d0-4e040fd43e5f&spaceId=ee77fe6a-d604-4826-acc3-5d826e2648d8&width=1900&userId=&cache=v2,",Fit,None,
3,Text,สำหรับลวดลาย 03 ตั้งแต่ A – E มีหลักการออกแบบเดียวกับลวดลาย 02 ที่นำเอาภาพจำหรืองานออกแบบในล้านนาหรือเชียงใหม่ มาทำการออกแบบ ซึ่งในลวดลาย 03 นี้เป็นตุงล้ำนนำ โดยเลือกใช้ตุงแบบตุงประดับตกแต่งมากกว่วตุงที่ใช้ในพิธีกรรมทางศาสนาที่มีลักษณะเป็นแคลบยาว,Paragraph,None,
3,Text,ในอีกแง่หนึ่ง การเลือกรูปแบบนี้เพื่อการออกแบบตกแต่งที่มำกขึ้นอย่างการใส่องค์ประกอบสำคัญในที่ตั้งได้มำกขึ้นตามมา ซึ่งองค์ประกอบที่ใส่ลงไปนั้น เป็นองค์ประกอบเดียวกับลวดลาย 02,Paragraph,None,
3,Text,"ลวดลาย 04_A-C, 05_A (ไพ่ยิปซี)",,None,
3,Image,"https://honorable-diadem-0aa.notion.site/image/https%3A%2F%2Fprod-files-secure.s3.us-west-2.amazonaws.com%2Fee77fe6a-d604-4826-acc3-5d826e2648d8%2Ff12a4cc7-59c2-4f9e-8c9c-fe798f465bdd%2FUntitled.png?table=block&id=cbd04d4b-e4dc-42b8-af90-cfd51e2e5ac7&spaceId=ee77fe6a-d604-4826-acc3-5d826e2648d8&width=1850&userId=&cache=v2(),https://honorable-diadem-0aa.notion.site/image/https%3A%2F%2Fprod-files-secure.s3.us-west-2.amazonaws.com%2Fee77fe6a-d604-4826-acc3-5d826e2648d8%2F793b8ae4-14db-4f76-a230-1723b54e72ef%2FUntitled.png?table=block&id=4855d826-3460-4fc0-bde7-64efb5fab788&spaceId=ee77fe6a-d604-4826-acc3-5d826e2648d8&width=1060&userId=&cache=v2()",Carousel,None,
3,Text,"สำหรับลวดลาย 04 ตั้งแต่ A – c และลวดลำย 05_A ได้ออกแบบไปในอีกทิศทำงหนึ่งที่เป็นลวดลำยที่มีกำรผสมผสำนหลำกหลำยศิลปะเข้ำด้วยกันอย่างศิลปะของไพ่ยิปซี, ศิลปะหลังไพ่สำหรับ หรือศิลปะอำร์ตเดคโค แสดงออกมำในรูปแบบของลำยเส้นที่ลดทอนรูปทรงและมีกำรใส่องค์ประกอบในที่ตั้งเหมือนลวดลำยที่ผ่ำนมำ",Paragraph,None,
3,Text,"ลวดลาย 06_A-E, 07_A-E,08_A-E (อักษรธรรม)",,None,
3,Image,"/resources/jetlin/jetlin04/jetlin04-1.jpg,",Fit,None,
3,Text,"สำหรับลวดลายลวดลาย 06_A-E,07_A-E และ 08_A-E ได้นำเอาอักษรธรรม (ตั๋วเมือง) ที่เป็นอักษรในวัฒนธรรมล้ำนนำมาทำให้ดูใหม่และทันสมัครมากขึ้น",Paragraph,None,
3,Text,สรุปลวดลายทั้งหมด,Heading,None,
3,Image,"/resources/jetlin/jetlin04/jetlin04-2.jpg,",Fit,None,
3,Text,ผลิตภัณฑ์ที่มีลวดลายที่ได้ออกแบบ,Heading,None,
3,Image,"/resources/jetlin/jetlin04/jetlin04-3.jpg,",Fit,None,
3,Text,P02 กระดาษแข็งรองหลัง,Subheading,None,
3,Text,ขนาด : 14.50 x 21.00 cm (A5),Paragraph,None,
3,Text,วัสดุ : หนา 240 แกรม พิมพ์ลวดลาย,Paragraph,None,
3,Image,"/resources/jetlin/jetlin04/jetlin04-4.jpg,",Fit,None,
3,Text,P03 ถุงผ้า,Subheading,None,
3,Text,ขนาด : 30.50 x 35.50 cm (12x14 inch),Paragraph,None,
3,Text,วัสดุ : เนื้อผ้าแคนวาส พิมพ์ลวดลาย,Paragraph,None,
3,Image,"/resources/jetlin/jetlin04/jetlin04-5.jpg,",Fit,None,
3,Text,P04 สติ๊กเกอร์ชุด,Subheading,None,
3,Text,ขนาด : 14.50 x 21.00 cm (A5),Paragraph,None,
3,Text,วัสดุ : บนกระดาษสติ๊กเกอร์ PP ทึบแสง หลังขาว พร้อม Di-Cut พิมพ์สี,Paragraph,None,